dni,nombre,prioridad,zona,hora
10001119,Nora Vega,1,ZonaA,23:24
10022036,Paula Navarro,4,ZonaD,19:09
10023936,Clara Romero,3,ZonaB,15:04
10019177,Carmen Dominguez,3,ZonaB,16:48
10028750,Nora Ortiz,5,ZonaD,12:53
10001608,Fernando Campos,3,ZonaB,04:53
10018945,Paula Navarro,4,ZonaA,16:05
10028053,Pedro Ortiz,5,ZonaC,11:53
10023728,Juan Campos,4,ZonaB,09:12
10006792,Raquel Ramos,5,ZonaD,04:03
10031673,Raquel Navarro,3,ZonaA,05:00
10000229,Carmen Suarez,2,ZonaA,05:29
10026408,Elena Delgado,4,ZonaC,23:16
10005346,Juan Mendoza,3,ZonaD,20:51
10029622,Nora Ramos,3,ZonaD,09:58
10028826,David Molina,5,ZonaB,03:28
10001072,Marta Molina,2,ZonaD,20:57
10010072,Fernando Castillo,4,ZonaA,11:01
10022119,Laura Vargas,2,ZonaC,06:02
10000935,Clara Mendoza,2,ZonaA,16:58
10026875,Fernando Morales,4,ZonaA,18:36
10026985,Clara Suarez,4,ZonaA,20:17
10018587,Elena Iglesias,4,ZonaD,10:38
10003934,Laura Mendoza,5,ZonaD,15:23
10012944,Elena Rivas,1,ZonaD,14:17
10019427,Juan Vargas,3,ZonaC,11:18
10032694,Carlos Rivas,2,ZonaB,19:01
10022234,Clara Morales,4,ZonaC,23:51
10001573,David Mendoza,4,ZonaD,19:35
10014061,Carmen Campos,5,ZonaD,05:08
10024886,Carmen Campos,5,ZonaB,13:52
10008879,Paula Rivas,2,ZonaC,21:14
10009913,Clara Silva,2,ZonaC,16:21
10032336,Juan Vega,2,ZonaB,14:15
10019815,Marta Romero,2,ZonaD,04:00
10023761,Nora Dominguez,1,ZonaA,05:29
10015349,Miguel Ortiz,5,ZonaD,07:24
10006150,Laura Ruiz,4,ZonaB,08:15
10029026,Fernando Ruiz,3,ZonaA,05:39
10015555,Miguel Ramos,4,ZonaD,17:49
10017989,Pedro Navarro,4,ZonaA,15:29
10016645,Ana Vargas,4,ZonaC,01:21
10015436,Pedro Rivas,5,ZonaC,17:34
10020481,Isabel Ruiz,4,ZonaC,14:39
10031794,Juan Castillo,1,ZonaD,21:04
10031821,Jorge Suarez,1,ZonaC,20:09
10021452,Raquel Romero,1,ZonaA,21:33
10027311,Carlos Ortiz,1,ZonaC,20:33
10003330,Ana Ramos,4,ZonaD,14:41
10006192,Nora Morales,1,ZonaB,04:09
10009165,Jorge Campos,2,ZonaA,19:57
10019586,Laura Torres,4,ZonaA,06:44
10001171,Pedro Molina,5,ZonaA,07:21
10009697,Ana Castillo,2,ZonaA,13:30
10025974,Carmen Vega,1,ZonaC,05:51
10001519,Raquel Delgado,5,ZonaD,09:15
10019572,Carmen Vargas,3,ZonaC,16:55
10003904,Elena Iglesias,3,ZonaD,13:49
10014695,Miguel Flores,3,ZonaD,02:21
10027027,Carlos Ortiz,5,ZonaA,01:33
10001606,David Flores,5,ZonaD,22:45
10014053,Ana Ramos,5,ZonaB,18:44
10012598,Paula Morales,4,ZonaB,01:49
10005603,David Campos,4,ZonaB,17:09
10015186,Clara Romero,4,ZonaA,16:14
10020075,Paula Campos,5,ZonaA,03:06
10025642,Laura Vargas,1,ZonaD,07:16
10025365,Pedro Campos,1,ZonaD,10:42
10007531,Ana Castillo,4,ZonaC,13:25
10020222,David Vega,1,ZonaA,12:24
10027447,Carlos Suarez,2,ZonaA,12:12
10016718,Nora Mendoza,4,ZonaD,06:05
10021766,Diego Vega,3,ZonaB,19:07
10016424,Isabel Iglesias,5,ZonaA,21:26
10024633,Paula Romero,1,ZonaB,10:38
10021261,Diego Vega,3,ZonaD,22:08
10006296,Paula Torres,5,ZonaA,03:00
10014552,Isabel Iglesias,3,ZonaD,20:21
10015476,Ana Ruiz,5,ZonaB,07:34
10020439,Miguel Morales,3,ZonaB,10:52
10002352,Raquel Torres,2,ZonaC,03:39
10018100,Paula Ortiz,3,ZonaD,20:54
10012876,Laura Suarez,4,ZonaA,10:08
10031524,Carlos Romero,5,ZonaA,16:50
10004181,Nora Suarez,2,ZonaA,19:16
10010144,Luis Suarez,3,ZonaA,04:14
10024130,Juan Ruiz,5,ZonaC,05:35
10015242,Elena Dominguez,1,ZonaB,23:53
10015138,Alberto Mendoza,5,ZonaA,20:22
10000399,Paula Vargas,1,ZonaD,10:51
10027439,David Vega,2,ZonaA,10:03
10007721,Paula Iglesias,2,ZonaB,04:31
10020127,Nora Romero,2,ZonaB,13:50
10001161,Jorge Romero,2,ZonaC,02:19
10001477,Jorge Vega,3,ZonaD,01:28
10021078,Carmen Ortiz,2,ZonaB,14:33
10004451,Isabel Vargas,1,ZonaD,08:57
10008957,Pedro Vargas,1,ZonaD,11:59
10015171,Diego Campos,4,ZonaB,16:28
10027020,Isabel Dominguez,5,ZonaC,14:32
10001640,Diego Vargas,3,ZonaB,12:32
10019529,Juan Morales,2,ZonaC,10:02
10008055,Jorge Ramos,3,ZonaB,12:25
10026511,Clara Navarro,2,ZonaC,02:45
10005421,Carmen Dominguez,1,ZonaB,04:53
10021896,Juan Vargas,3,ZonaA,18:47
10022009,Juan Silva,5,ZonaD,07:16
10028386,Jorge Campos,4,ZonaC,19:44
10023315,David Navarro,3,ZonaA,00:16
10031899,Ana Molina,2,ZonaB,19:08
10023206,Jorge Romero,4,ZonaA,02:45
10005484,David Suarez,3,ZonaB,20:24
10008689,Carlos Mendoza,2,ZonaC,03:17
10012667,Miguel Castillo,2,ZonaC,09:24
10009564,Laura Navarro,2,ZonaC,20:35
10011622,Fernando Ruiz,1,ZonaA,13:41
10014330,Laura Mendoza,3,ZonaA,12:00
10004542,Carmen Suarez,2,ZonaD,23:39
10001269,Ana Rivas,2,ZonaC,03:30
10003719,Carlos Flores,1,ZonaD,15:35
10009424,Ana Campos,2,ZonaD,08:06
10016999,Pedro Mendoza,2,ZonaC,13:48
10019846,Isabel Mendoza,2,ZonaB,03:39
10011124,Pedro Silva,1,ZonaA,02:11
10030697,Laura Vega,4,ZonaA,16:19
10005106,Laura Morales,4,ZonaA,14:47
10013785,Marta Mendoza,1,ZonaB,04:28
10032610,Clara Delgado,1,ZonaC,12:19
10011298,Nora Navarro,4,ZonaC,14:38
10007327,Ana Dominguez,2,ZonaD,21:44
10000040,Raquel Vargas,4,ZonaB,17:09
10008205,Elena Delgado,5,ZonaB,03:26
10023714,Nora Torres,3,ZonaD,22:20
10013567,David Silva,5,ZonaA,01:20
10018971,Paula Suarez,2,ZonaD,14:33
10032734,Miguel Silva,1,ZonaA,13:16
10018162,Laura Suarez,3,ZonaD,02:05
10000702,David Ruiz,2,ZonaD,08:26
10008197,Alberto Iglesias,4,ZonaB,09:20
10011352,Diego Navarro,1,ZonaD,22:18
10022106,Nora Molina,4,ZonaA,22:36
10032176,Fernando Silva,2,ZonaB,09:40
10012122,Luis Rivas,4,ZonaB,20:16
10005316,Nora Navarro,1,ZonaB,03:02
10013437,Pedro Molina,5,ZonaC,22:33
10006942,Paula Suarez,4,ZonaB,22:23
10013429,Luis Castillo,1,ZonaC,09:15
10009502,Alberto Ortiz,4,ZonaA,22:45
10006968,Marta Ramos,3,ZonaC,04:39
10002898,Carlos Vargas,2,ZonaC,00:00
10032648,Elena Ramos,3,ZonaD,15:29
10016703,Juan Castillo,4,ZonaA,03:37
10025528,Laura Ortiz,1,ZonaB,22:11
10013664,Nora Vega,4,ZonaD,03:24
10011492,Jorge Vega,3,ZonaC,04:38
10027723,Juan Suarez,1,ZonaB,01:05
10003803,Fernando Molina,1,ZonaA,07:55
10023863,Alberto Morales,4,ZonaD,13:22
10027755,Isabel Mendoza,3,ZonaB,03:05
10010334,Diego Navarro,2,ZonaB,10:35
10017097,Jorge Iglesias,1,ZonaB,04:47
10008169,Pedro Flores,3,ZonaD,18:43
10029778,Ana Delgado,2,ZonaD,16:21
10023154,Jorge Rivas,3,ZonaA,23:45
10031187,Diego Campos,5,ZonaA,18:07
10012856,Clara Navarro,3,ZonaC,18:10
10031515,Carlos Vargas,1,ZonaC,01:28
10016020,Fernando Torres,5,ZonaB,15:35
10024203,Diego Castillo,5,ZonaD,06:17
10003425,Carmen Vargas,5,ZonaA,14:49
10021715,Nora Ramos,5,ZonaD,15:47
10014408,Juan Ruiz,2,ZonaB,23:47
10004389,Laura Torres,3,ZonaC,04:35
10030252,Fernando Suarez,2,ZonaC,23:27
10003976,David Ramos,4,ZonaC,05:37
10002873,Nora Dominguez,3,ZonaD,07:53
10021005,Jorge Mendoza,5,ZonaD,20:32
10002612,Raquel Flores,2,ZonaA,00:47
10011022,Alberto Campos,2,ZonaD,00:43
10018469,Clara Ramos,5,ZonaA,11:17
10019913,Paula Vega,2,ZonaA,10:07
10016244,Alberto Campos,5,ZonaA,22:29
10018419,Luis Ortiz,2,ZonaB,16:31
10031240,Ana Castillo,2,ZonaA,09:07
10001554,Diego Vargas,2,ZonaC,13:44
10000531,Raquel Suarez,2,ZonaC,14:51
10027072,Miguel Ruiz,1,ZonaC,13:59
10024456,Elena Suarez,3,ZonaA,17:26
10005166,Jorge Mendoza,4,ZonaB,10:40
10023665,Laura Romero,4,ZonaA,07:02
10010354,Diego Silva,4,ZonaA,13:36
10015521,Fernando Flores,1,ZonaA,02:12
10016528,Alberto Vargas,5,ZonaB,17:10
10021874,Isabel Ruiz,2,ZonaA,16:58
10027961,Miguel Campos,1,ZonaC,13:23
10004242,Juan Molina,3,ZonaD,19:12
10011186,Pedro Torres,1,ZonaB,07:59
10028939,Luis Campos,5,ZonaD,20:48
10005743,Miguel Ortiz,1,ZonaB,06:19
10015367,Ana Ortiz,2,ZonaC,07:01
10001074,Jorge Rivas,3,ZonaB,22:09
10032522,Alberto Iglesias,5,ZonaA,03:10
10007899,Juan Castillo,5,ZonaA,18:56
10025480,Juan Dominguez,1,ZonaC,22:18
10001580,Paula Flores,1,ZonaB,18:39
10009258,Carmen Silva,3,ZonaB,20:52
10009256,Paula Campos,2,ZonaC,22:51
10006690,Alberto Vega,1,ZonaC,08:58
10016344,Miguel Romero,2,ZonaD,21:30
10018774,Alberto Torres,2,ZonaB,01:32
10026784,Luis Navarro,1,ZonaC,18:39
10008276,Miguel Vargas,2,ZonaA,04:02
10022373,Jorge Castillo,4,ZonaB,06:09
10023869,Diego Morales,4,ZonaC,02:42
10011310,Laura Navarro,1,ZonaA,15:36
10017212,Carlos Romero,4,ZonaD,01:36
10019988,Carlos Ramos,2,ZonaA,12:23
10005144,Carmen Navarro,3,ZonaA,21:05
10030867,Jorge Silva,4,ZonaD,15:46
10010242,Alberto Morales,1,ZonaB,04:54
10031896,Pedro Campos,5,ZonaA,01:48
10004536,Raquel Rivas,1,ZonaD,05:29
10015592,Carmen Mendoza,1,ZonaC,03:00
10003973,David Campos,2,ZonaA,10:18
10017582,Juan Dominguez,3,ZonaB,13:57
10010707,Pedro Molina,3,ZonaC,17:55
10021588,Diego Dominguez,4,ZonaD,17:08
10024133,Carlos Vargas,2,ZonaC,07:00
10013304,Paula Silva,1,ZonaB,15:45
10008848,Carmen Ruiz,3,ZonaA,23:18
10021519,Clara Castillo,1,ZonaC,13:41
10029841,Clara Torres,4,ZonaB,22:10
10005151,Ana Delgado,3,ZonaC,11:15
10009552,Diego Morales,5,ZonaC,18:07
10015511,Clara Navarro,3,ZonaB,01:19
10008946,Laura Torres,3,ZonaB,11:48
10027181,David Morales,5,ZonaA,06:40
10020027,Carlos Ruiz,1,ZonaA,18:05
10025676,Alberto Romero,1,ZonaD,07:15
10019601,Isabel Torres,1,ZonaC,00:07
10008477,Jorge Rivas,1,ZonaC,02:56
10001707,Laura Torres,5,ZonaA,14:19
10025189,Miguel Romero,3,ZonaC,12:25
10027669,Paula Dominguez,1,ZonaB,07:51
10020569,Marta Ramos,1,ZonaD,01:25
10014846,Alberto Silva,1,ZonaD,07:37
10026121,Diego Campos,4,ZonaD,01:45
10022665,Elena Molina,1,ZonaB,16:12
10025708,Alberto Mendoza,5,ZonaB,10:18
10030466,Laura Dominguez,3,ZonaB,02:25
10032436,Marta Vargas,2,ZonaC,07:37
10015647,Isabel Vega,4,ZonaB,16:19
10024820,Ana Mendoza,5,ZonaA,16:51
10002715,Miguel Ramos,2,ZonaB,22:35
10003649,Marta Molina,1,ZonaB,13:05
10010182,Ana Navarro,4,ZonaD,07:35
10028109,Nora Ramos,4,ZonaD,02:16
10018659,Paula Campos,5,ZonaA,09:53
10018103,Pedro Romero,2,ZonaA,22:27
10011112,Pedro Castillo,1,ZonaC,21:44
10028797,Luis Ruiz,4,ZonaB,17:32
10012160,Isabel Romero,5,ZonaA,00:50
10012886,Ana Dominguez,3,ZonaB,02:28
10029024,Jorge Vargas,3,ZonaA,00:16
10015840,Raquel Molina,5,ZonaB,02:57
10023878,Paula Morales,1,ZonaA,02:05
10029153,Raquel Castillo,1,ZonaB,09:32
10022079,Ana Torres,1,ZonaB,12:01
10012308,Paula Romero,2,ZonaD,05:06
10006926,David Campos,2,ZonaA,07:56
10007470,Pedro Ortiz,2,ZonaD,04:27
10028096,Pedro Ruiz,2,ZonaB,04:52
10011431,Juan Delgado,1,ZonaB,06:53
10029141,Nora Iglesias,5,ZonaB,05:19
10029165,Jorge Mendoza,1,ZonaB,13:14
10002568,Paula Ruiz,1,ZonaC,09:27
10026368,Juan Flores,4,ZonaD,03:43
10002584,Pedro Ortiz,4,ZonaB,12:23
10015541,Laura Iglesias,1,ZonaB,01:41
10008739,Elena Suarez,2,ZonaA,00:22
10027403,Miguel Vargas,1,ZonaD,14:38
10020592,Alberto Ramos,5,ZonaA,18:34
10010325,Raquel Flores,3,ZonaB,11:13
10013244,Carmen Iglesias,5,ZonaD,01:59
10015401,Raquel Mendoza,2,ZonaD,04:43
10007018,Miguel Rivas,4,ZonaC,09:16
10024409,Fernando Campos,4,ZonaC,11:41
10031772,Isabel Vega,2,ZonaB,12:03
10005207,Clara Ortiz,5,ZonaB,13:12
10020136,Juan Iglesias,1,ZonaC,23:54
10011226,David Navarro,5,ZonaB,16:40
10009318,Raquel Navarro,3,ZonaC,14:18
10003998,David Iglesias,3,ZonaB,06:43
10014142,Marta Silva,4,ZonaB,14:46
10000395,Fernando Ruiz,2,ZonaC,19:14
10015633,Miguel Mendoza,5,ZonaB,13:15
10020410,Clara Dominguez,3,ZonaB,21:18
10007494,Luis Ortiz,3,ZonaD,05:43
10007681,Laura Ruiz,4,ZonaC,21:36
10009381,Laura Delgado,1,ZonaB,15:25
10025614,Laura Campos,4,ZonaB,20:45
10018118,Fernando Castillo,2,ZonaD,06:41
10011075,Pedro Morales,2,ZonaD,10:52
10013754,Luis Molina,2,ZonaA,02:37
10000456,Diego Romero,5,ZonaD,16:18
10026564,Carlos Ruiz,5,ZonaB,02:44
10030143,Paula Castillo,4,ZonaC,09:15
10025305,Fernando Morales,4,ZonaD,05:48
10030360,Laura Vega,2,ZonaC,08:31
10012792,Isabel Morales,2,ZonaB,21:50
10029171,Isabel Romero,2,ZonaA,11:24
10017905,Carlos Navarro,3,ZonaA,20:35
10002775,Fernando Flores,4,ZonaC,08:21
10011958,Raquel Delgado,5,ZonaC,06:14
10003355,Luis Castillo,4,ZonaB,22:22
10016889,Paula Silva,4,ZonaA,10:30
10001831,Nora Rivas,1,ZonaA,15:30
10005753,Luis Ruiz,5,ZonaB,19:56
10008231,Nora Mendoza,1,ZonaD,09:30
10019318,Jorge Ramos,2,ZonaA,03:16
10003161,Luis Flores,4,ZonaA,19:19
10032431,Pedro Rivas,3,ZonaD,04:48
10002118,David Romero,5,ZonaC,08:15
10025539,Jorge Ramos,5,ZonaA,22:32
10028928,Marta Ruiz,5,ZonaC,00:36
10024019,Marta Silva,5,ZonaA,21:57
10012989,Carmen Iglesias,3,ZonaD,18:15
10022685,Carlos Flores,4,ZonaB,03:37
10012393,Elena Delgado,5,ZonaB,05:54
10030881,Pedro Suarez,5,ZonaD,19:25
10017924,Pedro Iglesias,2,ZonaD,04:57
10008682,Miguel Torres,1,ZonaB,22:23
10027871,Isabel Molina,5,ZonaD,12:25
10023425,David Ruiz,1,ZonaD,08:30
10009251,David Iglesias,4,ZonaC,05:53
10018890,Laura Iglesias,2,ZonaB,22:39
10024862,Clara Ortiz,4,ZonaB,02:53
10027694,Paula Molina,3,ZonaD,09:57
10016971,Isabel Navarro,5,ZonaA,20:00
10002784,Fernando Flores,5,ZonaC,10:54
10023829,Fernando Molina,1,ZonaA,20:46
10024486,Raquel Romero,1,ZonaC,07:40
10004537,Carmen Iglesias,2,ZonaC,07:14
10004322,Luis Vargas,5,ZonaD,12:43
10010720,Carlos Romero,1,ZonaA,10:06
10008279,Miguel Molina,1,ZonaA,12:58
10030152,Elena Dominguez,3,ZonaC,13:21
10001887,Pedro Vega,4,ZonaC,14:13
10028933,Fernando Vargas,2,ZonaD,08:13
10028808,Juan Rivas,2,ZonaA,16:25
10000852,Luis Morales,3,ZonaA,21:51
10025297,Alberto Vargas,2,ZonaA,05:03
10000751,Ana Silva,1,ZonaC,02:04
10021765,Nora Rivas,4,ZonaA,11:46
10001367,Ana Navarro,5,ZonaB,00:27
10004067,Raquel Ramos,5,ZonaC,13:03
10006312,David Vega,1,ZonaD,07:54
10005135,Fernando Campos,5,ZonaC,04:12
10018438,Nora Flores,5,ZonaA,03:16
10014619,Ana Iglesias,2,ZonaB,16:26
10009064,Juan Campos,2,ZonaC,14:35
10008539,Pedro Delgado,1,ZonaB,00:41
10012264,Clara Ruiz,1,ZonaC,17:09
10012001,Jorge Torres,3,ZonaD,11:20
10025167,Laura Vega,4,ZonaB,18:09
10008822,Nora Flores,3,ZonaB,19:39
10028197,Marta Vega,2,ZonaC,19:42
10020356,Miguel Rivas,4,ZonaB,03:41
10004090,Carlos Vega,3,ZonaC,03:36
10020129,Pedro Silva,2,ZonaA,14:15
10019767,Fernando Suarez,2,ZonaC,13:19
10015187,Alberto Romero,4,ZonaB,21:59
10029981,Ana Silva,3,ZonaC,02:27
10016457,Jorge Castillo,4,ZonaB,22:12
10021732,Isabel Iglesias,2,ZonaA,14:18
10028746,Raquel Mendoza,4,ZonaB,03:50
10025927,Miguel Campos,4,ZonaD,22:31
10011123,Paula Morales,2,ZonaB,13:30
10018915,Jorge Delgado,3,ZonaA,17:04
10026546,Diego Iglesias,1,ZonaD,04:59
10023337,Jorge Suarez,2,ZonaB,11:43
10028788,Juan Flores,1,ZonaC,09:58
10012756,Clara Navarro,3,ZonaB,04:09
10025852,Alberto Mendoza,5,ZonaA,19:02
10022310,Clara Vega,2,ZonaB,01:20
10013804,Fernando Morales,3,ZonaD,23:27
10026463,David Ruiz,4,ZonaC,01:19
10029146,Nora Torres,1,ZonaC,07:17
10011292,Pedro Morales,3,ZonaC,09:11
10009737,Clara Torres,1,ZonaC,23:38
10002730,Miguel Ramos,2,ZonaA,05:18
10017312,Carlos Morales,3,ZonaA,03:07
10009842,Carlos Vargas,2,ZonaA,04:50
10011001,Paula Navarro,3,ZonaD,06:50
10023041,Clara Molina,2,ZonaB,14:13
10001498,Raquel Silva,2,ZonaA,23:08
10014691,Diego Silva,2,ZonaB,14:14
10018096,Raquel Campos,5,ZonaD,16:40
10016065,Paula Ramos,1,ZonaA,09:27
10017967,Luis Dominguez,1,ZonaA,06:23
10007817,Luis Vargas,5,ZonaC,02:14
10025053,Fernando Navarro,1,ZonaD,12:22
10006790,David Delgado,1,ZonaD,12:42
10032117,Isabel Ortiz,3,ZonaC,00:57
10005037,Pedro Silva,4,ZonaC,22:39
10011815,Paula Dominguez,1,ZonaD,12:02
10008341,Elena Mendoza,2,ZonaA,08:36
10029205,Miguel Flores,3,ZonaA,19:40
10008910,Juan Suarez,4,ZonaB,17:41
10030636,Elena Navarro,1,ZonaB,21:25
10018316,Fernando Mendoza,5,ZonaA,09:14
10028577,Luis Romero,4,ZonaD,14:39
10008303,Ana Vega,1,ZonaD,18:40
10000443,Carlos Silva,2,ZonaD,11:40
10008009,Miguel Vargas,4,ZonaB,01:45
10004020,Paula Morales,5,ZonaB,14:35
10019494,Elena Dominguez,4,ZonaD,12:35
10019153,Jorge Dominguez,1,ZonaD,01:59
10005911,David Campos,2,ZonaD,11:22
10004106,Raquel Navarro,2,ZonaC,04:15
10016226,Luis Romero,3,ZonaD,16:09
10021458,Carmen Delgado,4,ZonaB,15:32
10000032,Clara Ruiz,3,ZonaB,05:22
10029152,Jorge Rivas,5,ZonaA,22:03
10005756,Isabel Morales,5,ZonaA,18:56
10018058,Raquel Delgado,5,ZonaA,04:14
10022543,Fernando Rivas,4,ZonaB,16:15
10024206,Raquel Iglesias,2,ZonaC,21:07
10000002,Juan Flores,2,ZonaD,15:16
10005988,Marta Dominguez,1,ZonaA,06:26
10010245,Marta Navarro,1,ZonaB,03:29
10003427,David Morales,1,ZonaC,23:50
10007743,Ana Ruiz,5,ZonaB,06:43
10032360,Alberto Torres,4,ZonaD,00:01
10000958,Miguel Flores,5,ZonaD,05:44
10009921,Carmen Delgado,5,ZonaB,21:12
10026383,Isabel Ortiz,2,ZonaB,06:35
10025467,Diego Molina,5,ZonaA,03:58
10029956,Miguel Vega,1,ZonaC,19:32
10024697,David Delgado,5,ZonaD,07:29
10028129,Raquel Silva,1,ZonaB,16:04
10006610,Carmen Mendoza,1,ZonaA,16:58
10024405,Laura Ortiz,5,ZonaC,10:02
10020328,Clara Suarez,2,ZonaA,15:27
10017421,Ana Silva,4,ZonaC,20:42
10001720,Ana Vargas,5,ZonaB,12:55
10010193,Jorge Mendoza,3,ZonaB,06:26
10010834,Paula Torres,4,ZonaC,11:54
10023385,Laura Vargas,2,ZonaB,00:22
10003970,Carlos Rivas,4,ZonaA,04:10
10007702,Paula Molina,4,ZonaD,17:31
10010715,Diego Ruiz,3,ZonaC,13:10
10027125,Miguel Ortiz,2,ZonaD,15:43
10014345,Luis Vega,3,ZonaD,16:50
10004127,Alberto Ramos,3,ZonaC,17:53
10027071,David Romero,1,ZonaB,11:51
10010068,Jorge Delgado,4,ZonaA,20:08
10006123,Isabel Vargas,5,ZonaC,14:21
10019922,Clara Dominguez,5,ZonaD,06:18
10019224,Paula Rivas,1,ZonaC,21:20
10013546,Ana Molina,3,ZonaA,23:20
10008400,Elena Torres,5,ZonaA,23:27
10018619,Nora Suarez,1,ZonaB,07:14
10011499,Ana Morales,3,ZonaC,07:24
10009321,Laura Suarez,2,ZonaA,21:36
10030463,Isabel Castillo,5,ZonaB,22:37
10013418,Miguel Vargas,5,ZonaC,01:54
10030308,Clara Iglesias,1,ZonaD,09:42
10028607,Alberto Dominguez,5,ZonaC,13:50
10032658,Laura Molina,2,ZonaD,21:52
10015921,Paula Romero,2,ZonaB,15:25
10000960,Paula Iglesias,1,ZonaD,06:13
10017648,Paula Navarro,4,ZonaB,18:43
10024582,Paula Silva,1,ZonaC,01:38
10015392,Marta Ortiz,1,ZonaB,03:58
10021370,Fernando Torres,3,ZonaC,13:59
10028470,Diego Silva,5,ZonaA,20:45
10007168,Laura Morales,4,ZonaA,14:08
10028478,Alberto Romero,3,ZonaD,20:35
10016314,Jorge Castillo,1,ZonaC,23:50
10006487,Marta Iglesias,2,ZonaC,09:10
10015714,David Navarro,2,ZonaB,20:27
10013578,Marta Castillo,1,ZonaC,07:54
10020474,Nora Mendoza,5,ZonaC,17:31
10011288,Jorge Ruiz,2,ZonaD,06:42
10030696,Nora Ortiz,4,ZonaD,14:58
10018817,Miguel Torres,5,ZonaC,06:31
10006590,Laura Iglesias,5,ZonaA,19:35
10000980,Jorge Vargas,1,ZonaC,00:58
10021479,Alberto Vega,4,ZonaA,23:46
10025393,Clara Silva,2,ZonaD,00:07
10020944,Nora Castillo,1,ZonaB,19:41
10031763,Paula Torres,2,ZonaA,04:45
10012145,Jorge Rivas,1,ZonaB,01:11
10014452,Raquel Castillo,5,ZonaC,19:56
10010745,Diego Vega,5,ZonaC,16:48
10020722,Carlos Rivas,4,ZonaD,15:16
10020364,Ana Suarez,2,ZonaD,14:53
10025917,Clara Mendoza,1,ZonaC,20:37
10010944,Paula Castillo,3,ZonaB,15:54
10011634,Raquel Molina,1,ZonaA,08:17
10024609,Carmen Castillo,4,ZonaC,07:49
10017661,Miguel Iglesias,2,ZonaB,10:40
10024973,Isabel Castillo,4,ZonaC,00:30
10014456,Paula Torres,1,ZonaB,03:51
10008298,Nora Ramos,3,ZonaD,07:56
10012918,Carlos Torres,1,ZonaD,02:17
10020957,Elena Vega,2,ZonaA,21:23
10021698,Laura Campos,4,ZonaA,01:48
10010966,Isabel Flores,1,ZonaC,13:48
10009022,Fernando Dominguez,5,ZonaD,16:37
10017664,Luis Torres,2,ZonaB,06:52
10010351,Carmen Vargas,1,ZonaD,20:26
10031214,Juan Navarro,3,ZonaD,04:36
10019618,Diego Morales,5,ZonaC,17:58
10022014,Fernando Vargas,3,ZonaB,03:25
10027164,Elena Molina,1,ZonaD,23:26
10001240,Fernando Ramos,5,ZonaB,13:16
10021760,Elena Flores,2,ZonaC,02:10
10019892,Miguel Castillo,3,ZonaB,22:47
10015477,Diego Suarez,2,ZonaD,08:34
10028150,Juan Campos,3,ZonaB,17:45
10021527,Elena Vega,4,ZonaB,17:24
10003469,Luis Mendoza,3,ZonaB,02:03
10030542,Nora Rivas,1,ZonaD,08:39
10002039,Jorge Ramos,5,ZonaD,17:42
10025545,Diego Romero,1,ZonaB,02:24
10032421,Clara Ortiz,5,ZonaA,02:06
10031175,Juan Navarro,4,ZonaC,20:13
10030443,Diego Torres,2,ZonaD,00:04
10032553,Carlos Molina,1,ZonaC,07:32
10002254,Alberto Torres,2,ZonaA,17:38
10024194,Miguel Delgado,5,ZonaC,09:42
10011583,Diego Suarez,5,ZonaC,04:08
10021928,Marta Rivas,1,ZonaA,13:21
10022959,Juan Silva,1,ZonaB,20:34
10003949,Nora Iglesias,3,ZonaD,10:42
10007162,Luis Vega,1,ZonaB,19:25
10019076,Nora Romero,4,ZonaA,18:19
10009501,Isabel Rivas,4,ZonaB,07:01
10000973,Carlos Vega,3,ZonaD,03:53
10029238,Nora Iglesias,3,ZonaD,10:47
10011374,Carlos Silva,5,ZonaD,10:58
10023225,Luis Ortiz,3,ZonaB,23:25
10021644,Marta Dominguez,1,ZonaA,10:27
10002017,Miguel Campos,1,ZonaD,02:00
10029051,Marta Dominguez,2,ZonaC,03:23
10003275,Diego Delgado,3,ZonaC,15:21
10004804,Carmen Delgado,4,ZonaA,23:04
10020405,Diego Dominguez,1,ZonaC,04:59
10000846,Alberto Vega,1,ZonaA,14:44
10001118,Carmen Campos,1,ZonaB,06:53
10003211,Elena Dominguez,2,ZonaD,10:30
10027766,Diego Ramos,5,ZonaB,06:40
10026499,Diego Rivas,4,ZonaB,00:52
10016028,Carlos Castillo,2,ZonaD,09:00
10027649,Alberto Dominguez,1,ZonaD,21:51
10017771,Raquel Navarro,3,ZonaB,21:59
10020574,Ana Flores,2,ZonaA,00:18
10020332,Nora Ruiz,4,ZonaA,21:35
10023704,Jorge Iglesias,5,ZonaA,10:14
10013855,Fernando Dominguez,4,ZonaC,14:52
10025013,Paula Dominguez,4,ZonaD,18:11
10025931,Raquel Delgado,1,ZonaC,00:24
10008868,Luis Flores,2,ZonaD,23:04
10013656,Clara Navarro,1,ZonaC,08:09
10013851,Miguel Ramos,4,ZonaA,04:21
10027240,David Silva,4,ZonaB,00:29
10020771,Raquel Silva,5,ZonaB,08:58
10003928,Elena Molina,3,ZonaA,20:57
10027564,Carlos Dominguez,3,ZonaC,19:16
10015340,David Ortiz,5,ZonaD,14:47
10020139,Nora Molina,3,ZonaD,12:42
10024716,Elena Ramos,1,ZonaB,03:16
10005184,Diego Castillo,4,ZonaC,23:43
10021208,Carlos Rivas,2,ZonaD,16:14
10000758,Elena Torres,4,ZonaA,18:30
10012715,Laura Ruiz,1,ZonaB,16:24
10005096,Luis Ortiz,4,ZonaB,14:14
10026840,Nora Navarro,5,ZonaD,05:27
10003804,Clara Mendoza,3,ZonaD,07:03
10017481,Raquel Dominguez,4,ZonaB,02:02
10004590,Miguel Vega,5,ZonaB,12:22
10006154,Miguel Molina,1,ZonaD,15:46
10015399,Carlos Delgado,3,ZonaA,16:28
10016174,Laura Ruiz,5,ZonaB,08:14
10006859,Carlos Ortiz,1,ZonaC,16:06
10006279,Elena Suarez,2,ZonaB,05:39
10032591,Miguel Morales,5,ZonaA,16:34
10017329,Miguel Campos,5,ZonaB,16:42
10006190,Carlos Torres,5,ZonaC,07:54
10000477,Laura Morales,3,ZonaD,21:05
10006430,Juan Castillo,3,ZonaA,03:18
10005462,David Molina,4,ZonaA,08:17
10032587,Alberto Molina,5,ZonaC,02:57
10006089,Raquel Dominguez,3,ZonaA,12:51
10007332,Luis Ruiz,3,ZonaB,09:19
10021158,Isabel Campos,5,ZonaC,23:21
10008550,Juan Iglesias,2,ZonaB,02:32
10032313,David Ramos,4,ZonaB,02:30
10025950,Alberto Navarro,5,ZonaB,13:51
10015183,Fernando Ortiz,2,ZonaA,05:37
10019103,Isabel Vargas,5,ZonaB,17:32
10028801,Diego Silva,3,ZonaB,11:33
10018850,Nora Mendoza,1,ZonaC,07:24
10016252,Alberto Mendoza,2,ZonaB,23:16
10006912,Fernando Silva,3,ZonaD,04:18
10022492,Isabel Iglesias,5,ZonaD,19:53
10005454,Alberto Iglesias,3,ZonaB,07:29
10021623,Alberto Molina,4,ZonaD,08:54
10017860,Marta Navarro,4,ZonaA,07:34
10023847,Alberto Delgado,1,ZonaC,17:36
10006321,David Castillo,1,ZonaC,04:14
10019069,Isabel Vega,4,ZonaD,20:21
10008938,Alberto Morales,3,ZonaB,08:58
10020954,Alberto Castillo,3,ZonaD,00:04
10022457,Isabel Campos,3,ZonaB,05:04
10008161,Nora Torres,5,ZonaA,14:33
10016122,Diego Delgado,5,ZonaC,07:14
10003143,Isabel Delgado,4,ZonaC,02:11
10009567,Diego Ruiz,4,ZonaA,23:28
10003428,Pedro Campos,3,ZonaA,05:07
10021783,Luis Iglesias,4,ZonaD,13:55
10004887,Alberto Navarro,4,ZonaB,05:45
10014160,Elena Campos,4,ZonaD,07:47
10018388,Marta Delgado,2,ZonaA,10:08
10024390,Fernando Ramos,2,ZonaC,19:52
10013313,Pedro Torres,3,ZonaC,10:45
10032221,Nora Iglesias,2,ZonaD,17:42
10013028,Paula Mendoza,3,ZonaD,21:51
10010494,Alberto Torres,5,ZonaA,14:01
10025037,Carmen Ruiz,4,ZonaC,11:25
10001409,Fernando Campos,5,ZonaA,19:15
10024800,Pedro Navarro,4,ZonaD,00:26
10016205,Elena Flores,5,ZonaD,17:03
10003964,Fernando Castillo,3,ZonaB,02:17
10020883,Raquel Ruiz,4,ZonaA,09:37
10003372,Fernando Ramos,5,ZonaA,14:46
10010792,Pedro Suarez,5,ZonaC,05:08
10007960,Clara Flores,5,ZonaB,14:08
10003920,Juan Ortiz,5,ZonaB,21:47
10031458,Juan Delgado,5,ZonaA,07:22
10024648,Carmen Molina,4,ZonaD,07:45
10020305,Diego Iglesias,2,ZonaB,14:10
10026392,Carlos Ortiz,3,ZonaD,20:00
10008087,Diego Morales,3,ZonaA,05:12
10007273,Marta Ortiz,1,ZonaB,04:26
10014012,Carmen Castillo,1,ZonaB,09:23
10010416,Pedro Flores,4,ZonaB,01:18
10031328,Laura Ortiz,3,ZonaD,15:32
10004023,Luis Campos,3,ZonaC,07:39
10017757,Nora Dominguez,1,ZonaB,01:21
10027977,Marta Ruiz,1,ZonaA,03:41
10021240,Laura Campos,2,ZonaB,02:58
10026414,Clara Torres,4,ZonaC,19:55
10000408,Luis Morales,5,ZonaD,14:07
10011195,Carmen Suarez,2,ZonaC,20:38
10024647,Marta Molina,3,ZonaB,15:14
10019866,Isabel Dominguez,2,ZonaC,22:06
10009311,Laura Dominguez,5,ZonaC,07:04
10023713,Paula Rivas,3,ZonaA,19:47
10023861,Alberto Ortiz,2,ZonaA,04:57
10004301,Carmen Castillo,2,ZonaB,18:31
10004512,Diego Ortiz,3,ZonaA,10:19
10001974,David Torres,2,ZonaB,04:42
10030640,Laura Rivas,4,ZonaD,04:51
10017951,Ana Castillo,5,ZonaA,18:41
10014574,Paula Campos,2,ZonaD,07:08
10013935,Raquel Torres,3,ZonaB,22:27
10017915,Diego Vargas,3,ZonaB,09:18
10002604,Raquel Vega,5,ZonaC,02:28
10010863,Carmen Suarez,2,ZonaA,17:26
10002009,Isabel Morales,1,ZonaA,06:14
10011834,Fernando Silva,5,ZonaA,17:38
10014281,Raquel Iglesias,4,ZonaD,02:15
10027653,Carmen Delgado,3,ZonaA,06:41
10004491,Raquel Romero,2,ZonaC,16:48
10011301,Raquel Iglesias,1,ZonaA,19:31
10018301,Carlos Morales,4,ZonaD,07:13
10020412,Nora Vega,2,ZonaA,09:03
10002205,Paula Suarez,2,ZonaD,09:04
10017345,Alberto Vargas,4,ZonaC,20:56
10029875,Nora Vargas,5,ZonaD,14:48
10007575,Marta Morales,2,ZonaD,15:20
10020891,Carlos Ruiz,3,ZonaD,02:51
10020972,Diego Torres,5,ZonaB,15:54
10014155,Nora Ramos,2,ZonaA,23:54
10030081,Luis Morales,1,ZonaA,18:16
10028563,Pedro Flores,2,ZonaB,23:54
10011036,Laura Ramos,1,ZonaD,20:20
10017685,Clara Iglesias,5,ZonaB,14:34
10002523,Jorge Flores,2,ZonaD,12:07
10016329,Miguel Torres,4,ZonaC,23:13
10002232,Pedro Vargas,4,ZonaB,00:30
10008793,Pedro Rivas,3,ZonaB,00:54
10015450,Diego Ruiz,2,ZonaA,06:08
10012645,Raquel Morales,1,ZonaD,11:59
10014727,Alberto Molina,5,ZonaC,13:07
10009983,Carmen Delgado,3,ZonaA,02:30
10005758,Isabel Vega,4,ZonaC,06:41
10022019,Miguel Navarro,3,ZonaA,07:40
10030629,Alberto Navarro,2,ZonaC,16:49
10030745,Miguel Torres,1,ZonaB,20:19
10021579,Clara Mendoza,4,ZonaA,13:16
10015988,Juan Vega,5,ZonaC,01:44
10015985,Jorge Campos,1,ZonaC,18:16
10020673,Isabel Ruiz,4,ZonaB,20:57
10001237,Clara Navarro,2,ZonaD,12:50
10016052,Nora Navarro,5,ZonaA,18:48
10004280,Carlos Iglesias,2,ZonaA,21:48
10022580,Carlos Ortiz,1,ZonaD,18:14
10030989,Laura Iglesias,1,ZonaC,14:28
10013606,Elena Delgado,2,ZonaA,11:07
10031519,Fernando Vargas,4,ZonaC,16:56
10016688,Elena Campos,5,ZonaC,11:48
10027851,Diego Molina,1,ZonaD,06:10
10012567,Pedro Silva,5,ZonaA,20:22
10024278,Diego Navarro,1,ZonaB,13:44
10011916,Nora Molina,1,ZonaC,09:13
10005660,Pedro Castillo,1,ZonaB,08:58
10005235,Miguel Castillo,4,ZonaB,02:31
10020603,Laura Flores,1,ZonaA,02:30
10006422,David Delgado,3,ZonaA,11:13
10001741,Marta Ruiz,2,ZonaC,21:05
10003265,David Ramos,2,ZonaC,23:08
10005965,Ana Vargas,5,ZonaB,13:16
10012977,Nora Ruiz,3,ZonaA,01:25
10003128,Carlos Delgado,4,ZonaD,18:15
10032613,Pedro Ortiz,4,ZonaB,06:03
10006290,Isabel Iglesias,5,ZonaA,05:52
10000686,Elena Flores,5,ZonaA,10:55
10031054,Fernando Ramos,4,ZonaC,09:00
10017686,David Ruiz,3,ZonaC,14:09
10015178,Clara Iglesias,5,ZonaD,13:00
10014187,Carmen Campos,4,ZonaC,09:59
10001765,Paula Molina,1,ZonaC,11:45
10020637,Jorge Romero,5,ZonaA,06:19
10004117,Juan Flores,3,ZonaC,11:17
10026923,Raquel Flores,4,ZonaB,05:48
10013892,Raquel Castillo,5,ZonaB,21:45
10007376,Miguel Torres,3,ZonaB,17:23
10018786,Alberto Flores,2,ZonaA,17:35
10018998,Miguel Vega,4,ZonaA,16:24
10025069,Carlos Navarro,4,ZonaB,01:05
10032207,Ana Flores,4,ZonaC,20:39
10020442,Carlos Castillo,4,ZonaC,02:38
10000049,Raquel Navarro,1,ZonaA,02:44
10026794,Ana Molina,3,ZonaA,23:46
10012670,Pedro Silva,3,ZonaD,22:39
10032524,Juan Vargas,1,ZonaB,00:43
10008895,Carlos Morales,1,ZonaA,23:03
10007898,Carlos Flores,4,ZonaD,12:45
10019267,Elena Romero,5,ZonaD,07:25
10031139,Carmen Morales,4,ZonaA,16:40
10000655,Fernando Ortiz,5,ZonaC,14:22
10003244,Alberto Torres,5,ZonaD,15:13
10020689,Raquel Vega,4,ZonaA,05:47
10001611,Carmen Molina,4,ZonaC,05:54
10029327,Carlos Silva,2,ZonaD,10:23
10021104,Alberto Torres,5,ZonaC,13:28
10032240,Diego Silva,1,ZonaB,02:38
10028244,Diego Vargas,5,ZonaC,23:35
10000091,Paula Campos,5,ZonaC,17:58
10028951,David Torres,5,ZonaD,02:06
10014743,Laura Morales,1,ZonaA,19:23
10015692,Nora Molina,1,ZonaA,22:45
10007661,David Delgado,1,ZonaB,01:11
10032090,Isabel Delgado,3,ZonaD,12:26
10007917,Jorge Rivas,3,ZonaB,06:40
10029116,Juan Silva,4,ZonaD,10:16
10016620,Laura Delgado,2,ZonaA,04:13
10013185,Raquel Silva,3,ZonaC,16:05
10014162,Carmen Navarro,3,ZonaC,02:47
10011937,Elena Torres,4,ZonaA,01:52
10013396,Raquel Campos,2,ZonaD,16:54
10003838,Luis Iglesias,1,ZonaA,22:26
10022698,David Ortiz,4,ZonaB,14:14
10030763,Alberto Vargas,5,ZonaB,16:26
10020067,Juan Torres,3,ZonaC,20:25
10029516,Ana Vargas,1,ZonaD,20:42
10009705,Laura Morales,5,ZonaD,12:06
10022452,Laura Iglesias,1,ZonaD,16:46
10005832,Carlos Vargas,1,ZonaD,19:29
10025095,Marta Flores,3,ZonaD,17:20
10024032,Marta Iglesias,4,ZonaD,15:11
10000771,Carlos Molina,1,ZonaB,19:17
10010503,Fernando Iglesias,4,ZonaD,05:49
10031308,Nora Castillo,4,ZonaC,13:32
10025671,Marta Torres,5,ZonaD,02:36
10025283,Juan Delgado,5,ZonaC,22:20
10024368,Nora Delgado,2,ZonaB,10:00
10015699,Laura Vargas,4,ZonaD,15:10
10012554,Nora Delgado,4,ZonaC,02:39
10005182,Juan Ramos,5,ZonaB,09:03
10004289,David Suarez,5,ZonaD,17:47
10021578,Luis Suarez,1,ZonaA,14:28
10004568,Isabel Romero,2,ZonaC,14:28
10016991,Luis Molina,1,ZonaC,12:03
10029144,Raquel Rivas,4,ZonaA,09:03
10021365,Alberto Suarez,4,ZonaC,04:33
10027114,Laura Romero,4,ZonaD,05:14
10029159,Luis Iglesias,5,ZonaA,20:23
10024222,Miguel Castillo,3,ZonaB,07:29
10013956,Elena Campos,5,ZonaB,23:21
10023569,Clara Silva,4,ZonaB,07:53
10007407,Luis Torres,4,ZonaC,07:56
10007919,Ana Silva,2,ZonaA,00:52
10004660,Paula Delgado,3,ZonaA,18:09
10002819,Nora Morales,5,ZonaC,23:10
10014750,Jorge Morales,1,ZonaC,12:48
10028238,Miguel Ramos,3,ZonaB,08:57
10014121,Carlos Navarro,1,ZonaD,20:36
10023527,Alberto Suarez,2,ZonaA,00:40
10002092,Ana Mendoza,5,ZonaA,06:00
10021513,Marta Ortiz,2,ZonaC,10:18
10016907,Isabel Dominguez,5,ZonaD,14:01
10026398,Raquel Romero,4,ZonaB,13:24
10017431,Laura Navarro,2,ZonaD,02:01
10006057,Raquel Suarez,4,ZonaC,02:43
10021728,Carmen Mendoza,4,ZonaC,11:55
10006333,Elena Navarro,5,ZonaD,07:04
10009523,Jorge Castillo,5,ZonaD,00:25
10009598,David Rivas,2,ZonaA,18:01
10017317,Alberto Silva,2,ZonaD,14:12
10002792,Nora Mendoza,3,ZonaC,01:01
10001731,Raquel Castillo,3,ZonaB,08:34
10012133,Marta Molina,5,ZonaC,16:52
10002848,Elena Delgado,1,ZonaA,16:32
10022815,Diego Torres,2,ZonaB,18:50
10030606,Pedro Flores,4,ZonaD,22:16
10012094,Isabel Romero,3,ZonaA,09:30
10020611,Laura Torres,3,ZonaA,00:32
10031725,Luis Mendoza,2,ZonaA,09:28
10027453,Juan Silva,1,ZonaB,21:33
10022673,Juan Silva,1,ZonaD,07:01
10000705,Nora Morales,5,ZonaB,04:53
10026447,Luis Vargas,5,ZonaC,10:27
10003104,Juan Dominguez,2,ZonaB,03:03
10004830,Isabel Vargas,5,ZonaA,09:33
10020126,Raquel Suarez,3,ZonaC,12:39
10002540,Juan Iglesias,5,ZonaA,07:40
10029648,Fernando Vargas,5,ZonaB,12:52
10000218,Juan Ramos,5,ZonaC,13:40
10007608,Alberto Torres,1,ZonaA,15:04
10029372,Alberto Ruiz,1,ZonaC,07:42
10029759,Isabel Rivas,3,ZonaB,01:31
10014045,Miguel Vargas,3,ZonaA,05:18
10017576,Carmen Dominguez,1,ZonaA,18:12
10023097,Diego Delgado,2,ZonaA,13:17
10003279,Clara Ruiz,4,ZonaC,19:01
10021675,Alberto Torres,4,ZonaD,00:02
10028997,Pedro Silva,2,ZonaC,03:23
10030660,Fernando Suarez,3,ZonaD,15:05
10030902,Raquel Suarez,3,ZonaA,22:53
10027007,Jorge Delgado,4,ZonaC,19:08
10018456,Clara Vargas,2,ZonaC,17:14
10012117,Marta Mendoza,2,ZonaB,05:03
10021137,Paula Vargas,3,ZonaA,03:12
10020057,Miguel Torres,3,ZonaC,08:47
10019738,Carlos Iglesias,4,ZonaC,14:44
10025447,Luis Morales,3,ZonaC,12:22
10002374,David Torres,3,ZonaD,13:46
10025226,Marta Molina,3,ZonaA,14:34
10007054,Luis Ortiz,3,ZonaA,02:19
10023291,Elena Silva,1,ZonaC,17:35
10031372,Miguel Flores,3,ZonaB,02:01
10027726,Marta Flores,2,ZonaC,15:19
10022603,Pedro Morales,1,ZonaA,23:39
10003387,Carmen Iglesias,1,ZonaD,20:41
10010217,Luis Rivas,4,ZonaD,13:12
10026562,Miguel Molina,1,ZonaB,04:08
10024293,Marta Campos,3,ZonaD,17:02
10023481,Nora Ruiz,3,ZonaA,12:19
10029098,Alberto Ramos,4,ZonaC,18:11
10009391,Carmen Castillo,4,ZonaA,01:22
10012162,Clara Vega,3,ZonaB,01:38
10024948,David Navarro,1,ZonaD,04:35
10024048,Isabel Ramos,5,ZonaC,00:55
10016807,Jorge Morales,2,ZonaA,13:18
10020700,David Torres,2,ZonaB,22:42
10022750,Carmen Romero,1,ZonaB,13:19
10017361,Luis Romero,4,ZonaA,11:40
10006846,Juan Navarro,2,ZonaA,09:27
10028183,Carmen Morales,5,ZonaA,17:06
10000401,Laura Delgado,4,ZonaC,14:27
10015709,Isabel Molina,5,ZonaA,18:13
10016034,Juan Iglesias,5,ZonaD,01:43
10007277,Diego Flores,3,ZonaC,09:54
10007379,Clara Flores,3,ZonaC,05:10
10026037,Jorge Molina,4,ZonaB,11:24
10008763,Diego Ortiz,3,ZonaC,11:48
10015774,Laura Castillo,5,ZonaC,23:53
10008857,Raquel Flores,1,ZonaB,10:04
10007658,Jorge Campos,3,ZonaA,23:23
10026613,Miguel Vargas,3,ZonaA,23:55
10016705,Diego Morales,5,ZonaC,18:53
10025580,Carmen Romero,2,ZonaD,13:16
10025575,Alberto Silva,3,ZonaA,16:22
10023211,Fernando Molina,2,ZonaD,17:57
10011577,Diego Ruiz,4,ZonaA,14:32
10025994,Jorge Navarro,2,ZonaA,20:14
10009844,Elena Torres,4,ZonaA,03:54
10005581,Marta Silva,2,ZonaB,14:03
10000892,Isabel Ramos,5,ZonaD,10:03
10008686,Fernando Vega,1,ZonaA,09:23
10026926,Pedro Dominguez,4,ZonaD,23:06
10003516,Carlos Dominguez,2,ZonaD,19:07
10028441,Elena Campos,1,ZonaC,07:09
10005270,Pedro Flores,2,ZonaC,06:27
10017577,Luis Flores,4,ZonaD,23:13
10015217,David Mendoza,1,ZonaA,16:41
10027607,Elena Vega,3,ZonaB,00:34
10029235,Diego Iglesias,4,ZonaC,20:29
10016628,Isabel Ramos,1,ZonaD,10:56
10004485,Clara Torres,4,ZonaA,21:08
10030465,Nora Silva,3,ZonaC,07:27
10030835,Paula Romero,2,ZonaA,06:06
10021788,Jorge Romero,5,ZonaA,06:19
10014224,Isabel Suarez,4,ZonaB,02:13
10001478,Marta Silva,2,ZonaA,05:18
10002815,Carmen Navarro,3,ZonaB,09:03
10007873,Carlos Silva,2,ZonaA,03:15
10026079,Laura Castillo,5,ZonaC,02:47
10005439,Luis Ramos,1,ZonaC,02:40
10026664,Diego Flores,4,ZonaC,07:41
10026763,Clara Vargas,3,ZonaC,01:59
10005341,Laura Morales,3,ZonaD,21:34
10018156,David Mendoza,2,ZonaB,20:33
10025496,Jorge Ruiz,1,ZonaA,02:59
10022184,Nora Morales,2,ZonaB,20:17
10017378,Nora Morales,3,ZonaB,12:28
10024937,Carmen Campos,3,ZonaD,23:53
10010703,Diego Ruiz,2,ZonaC,18:05
10029311,Carlos Romero,3,ZonaA,02:50
10004820,Nora Delgado,2,ZonaD,07:18
10006322,Carlos Mendoza,5,ZonaC,18:51
10028381,Diego Vargas,5,ZonaB,06:25
10031385,Isabel Castillo,3,ZonaC,21:27
10019711,Jorge Navarro,3,ZonaA,16:58
10022710,Alberto Mendoza,4,ZonaC,09:20
10025697,Marta Silva,2,ZonaB,16:37
10000716,Luis Torres,2,ZonaD,12:57
10024881,Fernando Torres,1,ZonaC,22:00
10015904,Juan Torres,4,ZonaA,02:21
10004802,Nora Vega,4,ZonaC,05:01
10012457,Carmen Navarro,2,ZonaC,06:04
10000795,Paula Iglesias,1,ZonaB,20:30
10010593,Miguel Mendoza,5,ZonaA,09:38
10029100,Fernando Dominguez,5,ZonaB,21:03
10008233,David Torres,1,ZonaA,07:07
10029156,Raquel Morales,4,ZonaD,03:41
10006146,Isabel Delgado,3,ZonaD,05:01
10023502,Juan Ortiz,1,ZonaB,16:45
10015507,Paula Molina,5,ZonaB,15:15
10008206,Diego Vega,3,ZonaA,04:42
10012329,Jorge Vega,3,ZonaB,16:41
10014802,Alberto Ortiz,4,ZonaB,01:19
10006577,Paula Iglesias,2,ZonaA,16:22
10014478,Ana Campos,3,ZonaB,10:08
10010857,Carlos Torres,5,ZonaA,17:23
10000157,Paula Ortiz,3,ZonaD,07:06
10006451,Carmen Delgado,3,ZonaB,07:57
10015654,Marta Torres,4,ZonaD,07:32
10001486,Diego Molina,4,ZonaB,13:10
10024265,Juan Navarro,1,ZonaB,02:15
10026723,Paula Romero,2,ZonaC,22:01
10014854,Carlos Vega,1,ZonaB,15:46
10012841,Jorge Navarro,4,ZonaC,14:37
10013665,Clara Delgado,5,ZonaD,02:44
10008715,Marta Torres,5,ZonaC,08:54
10019108,Luis Dominguez,4,ZonaA,10:41
10007321,David Ramos,3,ZonaB,19:26
10014299,Diego Molina,3,ZonaC,22:35
10008356,Carlos Rivas,4,ZonaB,21:08
10027608,Paula Ruiz,3,ZonaC,13:02
10019034,Elena Campos,3,ZonaA,09:25
10020315,Fernando Dominguez,2,ZonaD,19:56
10019648,Juan Campos,5,ZonaA,16:59
10022332,Miguel Ruiz,3,ZonaA,02:24
10028114,Isabel Morales,2,ZonaB,02:35
10007462,Jorge Iglesias,3,ZonaC,11:37
10029626,Alberto Ramos,3,ZonaB,13:25
10012350,Luis Ramos,1,ZonaC,12:25
10006423,Diego Ortiz,2,ZonaA,00:37
10016986,Paula Navarro,1,ZonaB,16:00
10010380,Laura Flores,1,ZonaD,15:55
10032199,Carmen Vargas,5,ZonaD,17:53
10024533,Nora Rivas,5,ZonaD,04:33
10013560,Ana Suarez,2,ZonaA,17:43
10019907,Laura Rivas,5,ZonaA,08:09
10003525,Nora Delgado,1,ZonaD,23:23
10030053,Isabel Delgado,3,ZonaD,18:05
10016430,Jorge Molina,2,ZonaD,12:39
10000612,Carlos Ortiz,2,ZonaA,03:03
10002347,Carmen Vega,5,ZonaD,16:16
10023015,Paula Vega,4,ZonaB,02:18
10000148,Fernando Ramos,5,ZonaD,15:50
10019830,Ana Silva,3,ZonaB,00:10
10030618,Marta Navarro,4,ZonaB,23:33
10010477,Luis Dominguez,2,ZonaA,09:35
